"time","error.y"
0,0
7,0.09006690684508456
14,0.1801338136901691
21,0.2702007205352546
28,0.36026762738034
35,0.4503345342254246
42,0.5404014410705091
49,0.6304683479155946
56,0.7205352547606791
63,0.8106021616057646
70,0.9006690684508492
77,0.9907359752959337
84,1.080802882141019
91,1.170869788986104
98,1.260936695831189
105,1.351003602676274
112,1.441070509521358
119,1.531137416366443
126,1.621204323211528
133,1.711271230056613
140,1.801338136901698
147,1.891405043746783
154,1.981471950591868
161,2.071538857436953
168,2.161605764282038
175,2.251672671127123
182,2.341739577972208
189,2.431806484817293
196,2.521873391662377
203,2.611940298507462
210,2.702007205352547
217,2.792074112197632
224,2.882141019042717
231,2.972207925887802
238,3.062274832732887
245,3.152341739577972
252,3.242327578921698
259,3.330993095092795
266,3.417865354017471
273,3.502929341651345
280,3.586170836477984
287,3.667574813128789
294,3.747126355198763
301,3.82481002713582
308,3.900610658639891
315,3.974513565105284
322,4.046504150148956
329,4.116567471892989
336,4.184688094548555
343,4.250851830161007
350,4.315043837326733
357,4.377248231674423
364,4.437451050741196
371,4.49563769282726
378,4.551791821853589
385,4.60589947196675
392,4.657946312078091
399,4.707915971053552
406,4.755794226327517
413,4.801566830191796
420,4.845217785210357
427,4.886732574524262
434,4.926096831221937
441,4.963294980229292
448,4.998312276706129
455,5.031134121712361
462,5.061745376954068
469,5.090131145496745
476,5.116276515423829
483,5.140166785659456
490,5.161787084283405
497,5.181122384581533
504,5.198162399246995
511,5.212907968086807
518,5.225377247284238
525,5.2355937838581
532,5.243581282375395
539,5.249361327206528
546,5.252955404189732
553,5.254387313322257
560,5.253681884537711
567,5.250864189292503
574,5.245959561484675
581,5.238994040495307
588,5.229994196068928
595,5.218986893162032
602,5.206000855602523
609,5.191064621013428
616,5.174206332717596
623,5.155456795746942
630,5.134846213399825
637,5.112405159717361
644,5.088165189261549
651,5.062159688496016
658,5.03442153001803
665,5.004983554601649
672,4.973879549015506
679,4.941145698329181
686,4.906817639788144
693,4.87093036506641
700,4.833519763988831
707,4.794624941920211
714,4.754285044608995
721,4.712539038093358
728,4.669425588008805
735,4.624983393945777
742,4.57925214019574
749,4.532275852415662
756,4.484097337516848
763,4.434759020282989
770,4.384302969344967
777,4.332771172242184
784,4.280205529833914
791,4.22664799289881
798,4.172140560101049
805,4.116725710675448
812,4.060445976035807
819,4.0033428106778
826,3.945458489769636
833,3.886836217365055
840,3.827517733910435
847,3.767543532816676
854,3.706954369258575
861,3.645790155239883
868,3.584090878263586
875,3.521896319853075
882,3.459248425547643
889,3.396187195585142
896,3.332751389148528
903,3.268979589630545
910,3.204910379228189
917,3.140581052634893
924,3.076030108584126
931,3.011296671633124
938,2.946417619808261
945,2.881428894356313
952,2.816365998847047
959,2.751264532876125
966,2.686159532653686
973,2.62108609625387
980,2.556079306369762
987,2.491172792630856
994,2.426398532603819
1001,2.361788804493111
1008,2.297374868240349
1015,2.233187985663709
1022,2.169258666636666
1029,2.105617441741847
1036,2.042293667107582
1043,1.979315287914659
1050,1.916709757784684
1057,1.854503319646566
1064,1.792723102343634
1071,1.731395170635679
1078,1.670544502010273
1085,1.61019555092913
1092,1.550371466670554
1099,1.491095084973008
1106,1.432388657403338
1113,1.374273593888674
1120,1.316771393014897
1127,1.259902412747029
1134,1.203685908198893
1141,1.148140922059419
1148,1.093285207683973
1155,1.039135981209057
1162,0.9857097217399513
1169,0.933022124612167
1176,0.8810882090566778
1183,0.8299223764453991
1190,0.7795382725061826
1197,0.7299491554897379
1204,0.6811675326095816
1211,0.633205176673739
1218,0.5860733796997186
1225,0.53978229076401
1232,0.4943415145664876
1239,0.4497599785595723
1246,0.4060458141478289
1253,0.3632064967098723
1260,0.3212489309055986
1267,0.2801793094255602
1274,0.24000331382212
1281,0.2007260178003465
1288,0.1623519113543814
1295,0.124884973987724
1302,0.08832825434477964
1309,0.05268435786977665
1316,0.01795516854841672
1323,-0.01585757512802211
1330,-0.0487530996000487
1337,-0.08073106631371996
1344,-0.1117921340339416
1351,-0.1419372204185203
1358,-0.1711679847690766
1365,-0.1994855663252819
1372,-0.2268924561835153
1379,-0.2533912437950523
1386,-0.2789862094625333
1393,-0.303681180414368
1400,-0.3274808338474484
1407,-0.3503892356297049
1414,-0.3724116906129762
1421,-0.3935536621540159
1428,-0.4138216133486976
1435,-0.433221941049772
1442,-0.4517615170372231
1449,-0.4694474617043012
1456,-0.4862873819978937
1463,-0.5022892347680195
1470,-0.5174616715702927
1477,-0.5318135663894514
1484,-0.5453541899691805
1491,-0.5580926117470115
1498,-0.5700384559126093
1505,-0.5812016667715048
1512,-0.5915928966653814
1519,-0.6012229166392782
1526,-0.6101027107865491
1533,-0.6182429587119085
1540,-0.6256546845449904
1547,-0.6323492267757338
1554,-0.6383388200195279
1561,-0.6436358211525395
1568,-0.6482525471493927
1575,-0.652200989574987
1582,-0.655493318944762
1589,-0.658142177691599
1596,-0.6601605013576828
1603,-0.6615613724034572
1610,-0.662357743674713
1617,-0.6625627099825255
1624,-0.6621894444967626
1631,-0.6612512776747295
1638,-0.6597617854156201
1645,-0.6577347283528789
1652,-0.6551838265187184
1659,-0.6521226644290934
1666,-0.6485646982430255
1673,-0.6445236968222243
1680,-0.6400135778710796
1687,-0.6350485006001634
1694,-0.6296423374753557
1701,-0.623808796065461
1708,-0.6175612261525369
1715,-0.6109133379722689
1722,-0.6038789965739113
1729,-0.5964725568104239
1736,-0.5887077261737073
1743,-0.5805980363175189
1750,-0.5721562692885636
1757,-0.5633958736410758
1764,-0.554330247077031
1771,-0.544973476548253
1778,-0.535338696346991
1785,-0.5254391878508304
1792,-0.5152878098794416
1799,-0.5048978793301488
1806,-0.4942822576478543
1813,-0.4834532662063662
1820,-0.4724236953365413
1827,-0.4612060397494817
1834,-0.449812763220689
1841,-0.4382560976516228
1848,-0.4265481135652633
1855,-0.4147005004671298
1862,-0.4027251061345032
1869,-0.3906335445246256
1876,-0.3784373460489725
1883,-0.3661478264894562
1890,-0.3537761248841429
1897,-0.341332969885852
1904,-0.3288292134964461
1911,-0.316275440145894
1918,-0.3036820477240534
1925,-0.2910591105793259
1932,-0.2784167073119779
1939,-0.2657646717402535
1946,-0.2531126569152979
1953,-0.2404697767287889
1960,-0.2278453712072519
1967,-0.2152484415035998
1974,-0.2026877932225322
1981,-0.190171857459303
1988,-0.1777090372610504
1995,-0.1653075067808354
2002,-0.1529752200707382
2009,-0.1407198563160428
2016,-0.1285489373699749
2023,-0.1164697921904212
2030,-0.1044895270642856
2037,-0.09261498199206297
2044,-0.08085280445091225
2051,-0.06920947035844982
2058,-0.0576912219169321
2065,-0.04630408243976447
2072,-0.03505385941055739
2079,-0.02394615687599178
2086,-0.01298636116566687
2093,-0.002179644902289724
2100,0.008469033190495523
2107,0.01895492848028901
2114,0.02927351061810413
2121,0.03942044044686632
2128,0.04939153762758064
2135,0.05918294334191465
2142,0.06879096316847821
2149,0.07821211405397754
2156,0.0874431242246585
2163,0.09648093309775785
2170,0.1053226911929555
2177,0.1139652548409336
2184,0.122406352044174
2191,0.1306437021507962
2198,0.1386751921207461
2205,0.1464989043953144
2212,0.154113115872704
2219,0.1615162968836046
2226,0.1687068137568843
2233,0.1756833791671273
2240,0.182445108032451
2247,0.1889911399544211
2254,0.1953207899161837
2261,0.2014335464969186
2268,0.2073290700862502
2275,0.2130070674142557
2282,0.218467125031677
2289,0.2237095925066441
2296,0.2287347074236381
2303,0.2335428575236858
2310,0.2381345781750923
2317,0.2425105498441447
2324,0.2466715955658412
2331,0.2506184099340478
2338,0.2543521799423782
2345,0.2578741126413124
2352,0.2611855242441239
2359,0.2642878540220988
2366,0.2671826613851014
2373,0.269871622962162
2380,0.2723564238021678
2387,0.2746389138503762
2394,0.276721130409789
2401,0.2786051562434153
2408,0.2802931721809907
2415,0.2817874539356096
2422,0.2830903689203712
2429,0.2842043744477962
2436,0.2851320165505697
2443,0.2858759165251827
2450,0.2864387778173292
2457,0.2868233798043587
2464,0.2870325746206843
2471,0.2870692839831994
2478,0.2869364960166809
2485,0.2866370578916406
2492,0.2861741449590101
2499,0.2855509046171703
2506,0.284770519210185
2513,0.2838362163589307
2520,0.2827512654875575
2527,0.2815189743499609
2534,0.2801427427784038
2541,0.2786259742898505
2548,0.2769720559137268
2555,0.275184432305565
2562,0.2732665715712628
2569,0.2712219619377558
2576,0.269054108423715
2583,0.2667665862798358
2590,0.264363126537428
2597,0.2618471748708089
2604,0.2592223149620141
2611,0.2564921368772888
2618,0.2536602341065546
2625,0.2507302006028569
2632,0.2477056278218317
2639,0.2445901084338713
2646,0.241387217987783
2653,0.2381005233408668
2660,0.2347335776588215
2667,0.2312899169802964
2674,0.2277730572661945
2681,0.2241864914489753
2688,0.2205338529185585
2695,0.2168186692023815
2702,0.2130443016059838
2709,0.209214175275438
2716,0.205331684890707
2723,0.2014001921391007
2730,0.1974230231887333
2737,0.1934035419797704
2744,0.1893452756156169
2751,0.1852513047071751
2758,0.1811248493198354
2765,0.1769690899011751
2772,0.1727871652590132
2779,0.1685821705394632
2786,0.164357155204983
2793,0.16011522223278
2800,0.1558592937579464
2807,0.1515922796309974
2814,0.1473170462945097
2821,0.1430364070422359
2828,0.1387531201475971
2835,0.1344698869922043
2842,0.1301895385313081
2849,0.1259147622164116
2856,0.1216480249660226
2863,0.1173918434372654
2870,0.1131486764067944
2877,0.1089209233846713
2884,0.1047109232282191
2891,0.1005210230016305
2898,0.09635370404798049
2905,0.09221099634588104
2912,0.0880950403980858
2919,0.08400791722643763
2926,0.07995164746496375
2933,0.07592819045298516
2940,0.07193944332820212
2947,0.06798739187862513
2954,0.06407376267143761
2961,0.06020027454367138
2968,0.05636859685152551
2975,0.0525803362090862
2982,0.04883703580873
2989,0.04514017474150656
2996,0.0414913203764522
3003,0.03789191074459808
3010,0.03434318433277106
3017,0.03084640758793
3024,0.02740278633381976
3031,0.02401346549028016
3038,0.02067952879255852
3045,0.017402046037029
3052,0.01418216537561268
3059,0.01102070232127783
3066,0.007918533362770042
3073,0.004876478021446751
3080,0.001895298903144216
3087,-0.001024298249970634
3094,-0.003881664507526139
3101,-0.006676067472429104
3108,-0.00940701054266313
3115,-0.01207400277559589
3122,-0.01467659396887289
3129,-0.01721438675495701
3136,-0.01968703633762381
3143,-0.02209425022847888
3150,-0.02443569627426001
3157,-0.02671113025681215
3164,-0.02892044244913894
3171,-0.03106351634250792
3178,-0.03314028225273091
3185,-0.03515071681490145
3192,-0.0370948424781492
3199,-0.03897270470277725
3206,-0.04078432490114636
3213,-0.04252990021495862
3220,-0.0442096119088804
3227,-0.04582368183006569
3234,-0.04737237174277631
3241,-0.04885598266301905
3248,-0.05027485419318278
3255,-0.05162926768402709
3262,-0.05291966367446399
3269,-0.05414648560206459
3276,-0.05531020142289833
3283,-0.05641131178399128
3290,-0.05745034921169978
3297,-0.05842787730006638
3304,-0.05934446210794331
3311,-0.06020070943958089
3318,-0.06099727981609515
3325,-0.06173484360783821
3332,-0.06241409691813615
3339,-0.06303576069755668
3346,-0.06360057985816514
3353,-0.06410932122443391
3360,-0.06456277004755684
3367,-0.06496173998522892
3374,-0.06530706190016211
3381,-0.065599586042981
3388,-0.06584018115789103
3395,-0.06602973358836994
3402,-0.06616914638284488
3409,-0.06625929650944418
3416,-0.06630112857067605
3423,-0.06629558708177896
3430,-0.06624362448520493
3437,-0.0661462043296126
3444,-0.06600430031134241
3451,-0.06581889531590068
3458,-0.06559100046434807
3465,-0.0653216272159769
3472,-0.06501177387740942
3479,-0.06466245732972986
3486,-0.06427469977985023
3493,-0.06384952785595122
3500,-0.06338797170291421
3507,-0.06289107589284981
3514,-0.06235992675315494
3521,-0.06179553666645088
3528,-0.0611989516220941
3535,-0.06057121811484212
3542,-0.05991338232981036
3549,-0.0592264893274228
3556,-0.05851158222837416
3563,-0.05776970622624678
3570,-0.05700189691528923
3577,-0.05620918706483824
3584,-0.0553926048707245
3591,-0.05455317264470327
3598,-0.05369190600687457
3605,-0.05280981307808474
3612,-0.05190793922401049
3619,-0.05098730602495571
3626,-0.05004887921060952
3633,-0.04909364453874598
3640,-0.04812257837012979
3647,-0.04713664698525388
3654,-0.04613680590107627
3661,-0.04512401581119097
3668,-0.0440992843326633
3675,-0.04306349722380176
3682,-0.04201757576049747
3689,-0.04096242922467219
3696,-0.0398989543505186
3703,-0.03882803477072816
3710,-0.03775054046273851
3717,-0.03666736098523415
3724,-0.03557932925696417
3731,-0.0344872733305257
3738,-0.0333920099644045
3745,-0.03229434041588242
3752,-0.03119504993988809
3759,-0.03009490728782716
3766,-0.02899471420998623
3773,-0.02789524009810584
3780,-0.02679718412324661
3787,-0.02570126144778317
3794,-0.02460817060116849
3801,-0.02351859311686955
3808,-0.02243319316929249
3815,-0.02135263249143993
3822,-0.02027761163974695
3829,-0.01920870872564429
3836,-0.01814652964358299
3843,-0.01709166318039124
3850,-0.01604468077469079
3857,-0.01500613627630631
3864,-0.01397656570568451
3871,-0.01295653059208668
3878,-0.01194652057075896
3885,-0.01094701959217304
3892,-0.009958498967496787
3899,-0.008981412174802195
3906,-0.008016194686866207
3913,-0.007063263798960051
3920,-0.006123058309232654
3927,-0.005195987675003622
3934,-0.004282399584062624
3941,-0.003382650952317157
3948,-0.002497081573129556
3955,-0.001626014056480329
3962,-0.0007697537681341515
3969,7.140065236210802e-05
3976,0.0008971266141664103
3983,0.001707193698656795
3990,0.002501355592112731
3997,0.003279382056352809
4004,0.004041058902261696
4011,0.004786187963305544
4018,0.005514587069061605
4025,0.006226051858887693
4032,0.006920440458988431
4039,0.007597616187918987
4046,0.008257452644853558
4053,0.008899838234597723
4060,0.009524676080757466
4067,0.01013188393891351
4074,0.01072137112408633
4081,0.01129306704977484
4088,0.01184694120598628
4095,0.01238296081095491
4102,0.01290110616268514
4109,0.01340137048711387
4116,0.01388375978627021
4123,0.0143482876165697
4130,0.01479495923273255
4137,0.01522382942490896
4144,0.01563494858296721
4151,0.0160283783865065
4158,0.01640419160990003
4165,0.01676247192733626
4172,0.01710331371784424
4179,0.01742679756378784
4186,0.01773304376619489
4193,0.01802217626474523
4200,0.01829432520767771
4207,0.01854962979415831
4214,0.01878823804057106
4221,0.01901030654680724
4228,0.01921599404967722
4235,0.01940546876100768
4242,0.01957891396043809
4249,0.01973651600389648
4256,0.01987846835650409
4263,0.0200049713410726
4270,0.02011623188660927
4277,0.02021246279277555
4284,0.02029388088057438
4291,0.02036071251681992
4298,0.0204131880288827
4305,0.02045154302128704
4312,0.02047601811996014
4319,0.02048685871649969
4326,0.02048431471243006
4333,0.02046863273767308
4340,0.02044007244835022
4347,0.02039889534621775
4354,0.02034536522436881
4361,0.02027974889524042
4368,0.02020231592278066
4375,0.02011333835461038
4382,0.02001309045420374
4389,0.01990184843304554
4396,0.01977989018279569
4403,0.01964749500747143
4410,0.01950494335559849
4417,0.0193525165523889
4424,0.01919049653190541
4431,0.01901918210649889
4438,0.01883893369097756
4445,0.01864997716548444
4452,0.01845260115641079
4459,0.01824709425373516
4466,0.01803374477372888
4473,0.01781284052166576
4480,0.01758466855453911
4487,0.01734951494375547
4494,0.01710766453785517
4501,0.01685940072521941
4508,0.01660500519677655
4515,0.01634475770871546
4522,0.01607893584518827
4529,0.01580790105195717
4536,0.01553187022051006
4543,0.01525111608566476
4550,0.01496591034695616
4557,0.01467652178480261
4564,0.01438321603965775
4571,0.01408625539114627
4578,0.01378589853719436
4585,0.01348240037317439
4592,0.01317601177104155
4599,0.01286697935847414
4606,0.01255554529800573
4613,0.01224194706617077
4620,0.0119266391576387
4627,0.01160977336058799
4634,0.01129153094298641
4641,0.01097214405856128
4648,0.01065184032777911
4655,0.01033084266092388
4662,0.01000936908121108
4669,0.009687632547881186
4676,0.009365840779302026
4683,0.009044196076058775
4690,0.008722895144066101
4697,0.008402128917662566
4704,0.008082082382700584
4711,0.007763129617697651
4718,0.0074454808660116
4725,0.007129193956633806
4732,0.00681444676239007
4739,0.006501411788843114
4746,0.006190256047458043
4753,0.005881140928780226
4760,0.00557422207560343
4767,0.005269649256145037
4774,0.004967566237220389
4781,0.004668110657411795
4788,0.004371413900241983
4795,0.004077600967351103
4802,0.003786928706517756
4809,0.003499692274358424
4816,0.003215813148606195
4823,0.00293541034819178
4830,0.002658597557021913
4837,0.002385483055582505
4844,0.002116169652523148
4851,0.001850754616252281
4858,0.001589329606527912
4865,0.001331980606051886
4872,0.001078787852065943
4879,0.0008298257679335563
4886,0.0005851628947439735
4893,0.0003449108949418189
4900,0.0001093837102192907
4907,-0.0001215649327095392
4914,-0.0003478739440172518
4921,-0.0005694870919841222
4928,-0.0007863530235905358
4935,-0.0009984252851120701
4942,-0.001205662342700364
4949,-0.00140802760298353
4956,-0.001605489433647023
4963,-0.001798021184027832
4970,-0.001985601205708676
4977,-0.002168212873096209
4984,-0.002345844604023206
4991,-0.002518216488034852
4998,-0.002685501190791584
5000,-0.002732362655769371
5000,-0.002732362655769371
5005,0.08292143135481211
5012,0.2028411268962591
5019,0.3227659259763289
5026,0.442695829025249
5033,0.5626308333991741
5040,0.682570894945556
5047,0.802516031975121
5054,0.9224662444878682
5061,1.042421532483798
5068,1.162381821412903
5075,1.282347040639448
5082,1.402317267841968
5089,1.522292503020464
5096,1.642272746174934
5103,1.762257719411827
5110,1.88224751387596
5117,2.002242187800223
5124,2.122241741184617
5131,2.242246105392018
5138,2.362254872077302
5145,2.482268334876593
5152,2.602286493789891
5159,2.722309348817194
5166,2.842336722115602
5173,2.962368460197407
5180,3.082404642622584
5187,3.202445228493536
5194,3.322490176912671
5201,3.442539246592577
5208,3.56259257455842
5215,3.682649997263067
5222,3.802711368935477
5229,3.922776741576219
5236,4.042845916924376
5243,4.162918986223672
5250,4.282995439968825
5257,4.401886235842381
5264,4.518396672968798
5271,4.632505238954601
5278,4.744193182858575
5285,4.853440138588772
5292,4.960225595873172
5299,5.064529527453811
5306,5.166332194224151
5313,5.265613816731598
5320,5.362354547284374
5327,5.45653453797188
5334,5.548133915992956
5341,5.637132209163163
5348,5.723509412034446
5355,5.807245799220401
5362,5.888321599369254
5369,5.966716914328814
5376,6.042412012317344
5383,6.115386887849503
5390,6.185621239945159
5397,6.253095129583091
5404,6.317788238491891
5411,6.379680514574488
5418,6.438752226214855
5425,6.494983291743444
5432,6.548353977054011
5439,6.598844399118972
5446,6.64643471671665
5453,6.691105136267125
5460,6.732835831549576
5467,6.771606975356235
5474,6.807398663002977
5481,6.840190638558158
5488,6.869963019422833
5495,6.896697204710789
5502,6.92037388780183
5509,6.940986653902696
5516,6.958560125060439
5523,6.973123111917609
5530,6.984704212151753
5537,6.993333529392221
5544,6.999040407624333
5551,7.001855511867261
5558,7.001812681370352
5565,6.998945163078569
5572,6.993286751447092
5579,6.984871213249679
5586,6.973733751381607
5593,6.959910116619533
5600,6.943436706724277
5607,6.92435224098244
5614,6.902694506119126
5621,6.878503036537989
5628,6.851817711724378
5635,6.822678708903281
5642,6.791130748745521
5649,6.757215644438602
5656,6.720976567755836
5663,6.682458908383849
5670,6.641707545023642
5677,6.598768803723733
5684,6.553689858404678
5691,6.506518006363671
5698,6.457301841695184
5705,6.406091692000707
5712,6.352938069321275
5719,6.297892075132204
5726,6.241006579682683
5733,6.182334852781066
5740,6.121930485486354
5747,6.059848957153202
5754,5.996146043395258
5761,5.930877764196234
5768,5.864101171041559
5775,5.795873238828189
5782,5.726250171541472
5789,5.655288587557026
5796,5.583044942870354
5803,5.509575704345124
5810,5.434936476689887
5817,5.359183132185692
5824,5.282372275197854
5831,5.204558443290083
5838,5.125796776431287
5845,5.046143807395985
5852,4.965652548248482
5859,4.884377299523126
5866,4.802372976645394
5873,4.719694848062501
5880,4.636395429875893
5887,4.552526431945259
5894,4.468139631992312
5901,4.383287948118256
5908,4.298025321786403
5915,4.212402756217442
5922,4.126470621899926
5929,4.040278467449329
5936,3.953874844570601
5943,3.867308001195065
5950,3.780627816232056
5957,3.693882519365204
5964,3.607118777230025
5971,3.520381213756663
5978,3.43371820717902
5985,3.347174424483817
5992,3.260793596117702
5999,3.174617650055286
6006,3.088688487685264
6013,3.003049011700176
6020,2.91774106037525
6027,2.832804726156645
6034,2.748278504342977
6041,2.664199433346676
6048,2.580603898196912
6055,2.497530742907558
6062,2.415016165802371
6069,2.33309440815292
6076,2.251797801055028
6083,2.171158193255108
6090,2.091207361088746
6097,2.011977943681981
6104,1.933499781998631
6111,1.855801863989864
6118,1.778911720284863
6125,1.702855506754339
6132,1.627660496150214
6139,1.553351691240933
6146,1.479953590938367
6153,1.407489040193927
6160,1.335979935935157
6167,1.265448636638558
6174,1.195916429194142
6181,1.127402557098189
6188,1.059925680019103
6195,0.9935034725802332
6202,0.9281529680704788
6209,0.8638895655074474
6216,0.8007279193022638
6223,0.7386817211724228
6230,0.6777644576719721
6237,0.6179884622994107
6244,0.5593647388298937
6251,0.5019038239873916
6258,0.4456154185753585
6265,0.3905082924438128
6272,0.3365901231140986
6279,0.2838675749330619
6286,0.2323467779987425
6293,0.1820335333116576
6300,0.1329322885091999
6307,0.08504635197465937
6314,0.03837853170404859
6321,-0.007068762921356608
6328,-0.05129410406493928
6335,-0.09429699507204337
6342,-0.1360777579045829
6349,-0.1766372738746878
6356,-0.215976871545978
6363,-0.2540989113401508
6370,-0.2910065456629036
6377,-0.3267035412441528
6384,-0.3611939421900896
6391,-0.3944826084469693
6398,-0.4265751298431315
6405,-0.4574777287798009
6412,-0.4871971947414382
6419,-0.5157408516866555
6426,-0.5431167444890628
6433,-0.5693335070887313
6440,-0.5944003923968051
6447,-0.6183262355561308
6454,-0.6411212858644948
6461,-0.6627963032427155
6468,-0.6833624710047888
6475,-0.7028312746148888
6482,-0.7212143195714864
6489,-0.738524503014272
6496,-0.7547749253455214
6503,-0.7699787238541598
6510,-0.7841487982778581
6517,-0.7972998744367867
6524,-0.809446591635659
6531,-0.8206034180804505
6538,-0.8307844079045488
6545,-0.8400055986478945
6552,-0.8482827596443183
6559,-0.8556315390229052
6566,-0.8620673692028271
6573,-0.8676071289718355
6580,-0.8722675442965064
6587,-0.8760652631443264
6594,-0.8790168549404491
6601,-0.8811399492428533
6608,-0.8824521049657719
6615,-0.8829706934952402
6622,-0.8827129750216409
6629,-0.8816972594925963
6636,-0.8799417116001242
6643,-0.8774642372078914
6650,-0.8742825046452714
6657,-0.8704150351753563
6664,-0.8658800914499789
6671,-0.8606960139177398
6678,-0.8548811973920731
6685,-0.8484539953778718
6692,-0.8414327894191045
6699,-0.8338360137362439
6706,-0.8256821191963004
6713,-0.816989445929055
6720,-0.8077763348893567
6727,-0.7980611162140008
6734,-0.7878620791601074
6741,-0.7771974026367428
6748,-0.7660852099883453
6755,-0.7545435456056984
6762,-0.7425903589224037
6769,-0.730243482969839
6776,-0.7175206356578885
6783,-0.7044394577582844
6790,-0.6910174644984366
6797,-0.6772719775870781
6804,-0.6632201920529193
6811,-0.6488791427122536
6818,-0.6342656943686755
6825,-0.6193965320127868
6832,-0.6042881510219011
6839,-0.5889569533370338
6846,-0.5734190817623919
6853,-0.557690394871325
6860,-0.5417865783144329
6867,-0.5257230869561615
6874,-0.5095151356437064
6881,-0.4931776899759317
6888,-0.4767263206135324
6895,-0.4601753107894107
6902,-0.4435389275085528
6909,-0.4268312699458301
6916,-0.4100661752034105
6923,-0.3932572112400861
6930,-0.376417754712997
6937,-0.3595614471097122
6944,-0.3427007664583277
6951,-0.3258482715818332
6958,-0.3090162377476169
6965,-0.2922166509433302
6972,-0.2754612614421266
6979,-0.2587622947242787
6986,-0.2421305529914726
6993,-0.2255769942055839
7000,-0.2091122876480691
7007,-0.1927468101107195
7014,-0.1764906507630055
7021,-0.1603540194115123
7028,-0.1443462551012837
7035,-0.128476622231263
7042,-0.1127540893746382
7049,-0.09718732654929418
7056,-0.0817847024882532
7063,-0.06655448652696272
7070,-0.05150438205994856
7077,-0.03664187974489419
7084,-0.02197417097562582
7091,-0.007508140694012511
7098,0.006749634782426739
7105,0.02079222103951039
7112,0.03461377768985319
7119,0.04820854907084904
7126,0.06157101919656682
7133,0.07469596105118548
7140,0.0875784367306327
7147,0.1002131772154931
7154,0.1125958592228393
7161,0.1247223254676637
7168,0.1365885995079852
7175,0.1481909639711745
7182,0.1595259586410434
7189,0.1705905599935198
7196,0.1813818287453532
7203,0.1918970828857081
7210,0.2021339341096695
7217,0.2120902515261927
7224,0.2217641604040592
7231,0.2311535415070436
7238,0.240256921466333
7245,0.2490731599338343
7252,0.2576012065319313
7259,0.2658402310768633
7266,0.2737896203246164
7273,0.2814491333980751
7280,0.2888186425945394
7287,0.2958981656358848
7294,0.3026879901394297
7301,0.309188614828015
7308,0.3154007469816547
7315,0.3213248998625113
7322,0.3269619529669114
7329,0.332313251096048
7336,0.3373801266920209
7343,0.3421640786746307
7350,0.3466667679010387
7357,0.3508901899046419
7364,0.354836465352613
7371,0.3585076875173003
7378,0.3619062107471303
7385,0.3650345432675408
7392,0.367895343638815
7399,0.3704911664954365
7406,0.372824670857189
7413,0.3748990067738829
7420,0.3767172525649913
7427,0.378282595572637
7434,0.3795983270038139
7441,0.3806680228973329
7448,0.3814954557202066
7455,0.3820841281038847
7462,0.3824378200466017
7469,0.3825604098988586
7476,0.3824558705993528
7483,0.3821281078178789
7490,0.3815809437375357
7497,0.3808186974780865
7504,0.3798455581163624
7511,0.3786657701681548
7518,0.3772836284210506
7525,0.3757036234448545
7532,0.3739305581084462
7539,0.3719687314846283
7546,0.3698227309584903
7553,0.3674971918410144
7560,0.3649967938299046
7567,0.3623261554256176
7574,0.3594896380292365
7581,0.3564921459851176
7588,0.3533383796495979
7595,0.3500330460307701
7602,0.3465808538547108
7609,0.3429866040904255
7616,0.3392555326271394
7623,0.3353921658103403
7630,0.331401321014738
7637,0.3272878177226186
7644,0.3230564743412767
7651,0.318712062662021
7658,0.3142590074819811
7665,0.3097022196539436
7672,0.3050463824285856
7679,0.3002961455579571
7686,0.2954561209541966
7693,0.2905309164982111
7700,0.2855257484439591
7707,0.2804448767581178
7714,0.275292885923891
7721,0.2700743289306198
7728,0.264793724909496
7735,0.2594555537236207
7742,0.2540638445354517
7749,0.248623129982942
7756,0.2431376761654205
7763,0.2376116876658871
7770,0.2320493040659137
7777,0.2264545964605382
7784,0.2208322535437581
7791,0.2151860348874823
7798,0.209519922933838
7805,0.2038378714807303
7812,0.198143778139273
7819,0.1924414828211969
7826,0.186734390899578
7833,0.1810262741849291
7840,0.1753207276746149
7847,0.1696212330420028
7854,0.163931189176413
7861,0.1582539095031859
7868,0.1525932094112097
7875,0.1469522091300224
7882,0.1413340264333289
7889,0.1357417972479054
7896,0.1301785886092173
7903,0.1246473979862976
7910,0.1191508390681584
7917,0.113691734520291
7924,0.1082728415520098
7931,0.102896762088462
7938,0.09756600769447576
7945,0.0922829977296864
7952,0.08705054479174912
7959,0.08187100525425883
7966,0.07674652953847705
7973,0.07167933781132518
7980,0.06667157860146666
7987,0.0617253289632016
7994,0.0568423226582393
8001,0.05202437417789518
8008,0.04727335244029973
8015,0.04259093447581463
8022,0.0379787082282208
8029,0.03343817147076056
8036,0.02897110843702055
8043,0.0245790821842693
8050,0.02026327992691179
8057,0.01602500673113472
8064,0.0118655006903996
8071,0.007785933786811583
8078,0.003787182136193223
8085,-0.0001299251675090929
8092,-0.003964369349836794
8099,-0.00771535695595027
8106,-0.01138217607407555
8113,-0.01496419682139649
8120,-0.01846059022057389
8127,-0.02187053780624204
8134,-0.02519373716416773
8141,-0.02842972083497752
8148,-0.03157807823648806
8155,-0.03463845425933965
8162,-0.03761073112041124
8169,-0.0404949694508705
8176,-0.04329089626271365
8183,-0.04599849270837097
8190,-0.04861780926755088
8197,-0.05114896577949235
8204,-0.05359195617593926
8211,-0.05594659773443666
8218,-0.05821333470587753
8225,-0.06039240292380121
8232,-0.06248408130469674
8239,-0.06448869005338143
8246,-0.06640672380965551
8253,-0.06823899395701183
8260,-0.0699858193108458
8267,-0.07164780334244636
8274,-0.0732256041934729
8281,-0.07471993443250913
8288,-0.07613144024600338
8295,-0.07746042502683004
8302,-0.0787079116588405
8309,-0.07987467351868638
8316,-0.0809615116771889
8323,-0.08196925287804913
8330,-0.08289882805764126
8337,-0.0837516214402525
8344,-0.08452837332298024
8351,-0.08523013335745322
8358,-0.08585799008398709
8365,-0.08641307054210756
8372,-0.0868964859057364
8379,-0.08730886575832475
8386,-0.0876516236054643
8393,-0.08792589100876391
8400,-0.08813281177266941
8407,-0.08827353984699471
8414,-0.08834926220137085
8421,-0.08836175887419184
8428,-0.08831201318637127
8435,-0.08820134371533417
8442,-0.08803109304450984
8449,-0.08780262738381417
8456,-0.08751733619014779
8463,-0.08717601816381038
8470,-0.08678029360382666
8477,-0.0863314839616649
8484,-0.0858309059569029
8491,-0.08527987261312298
8498,-0.08467969122117935
8505,-0.08403226578651601
8512,-0.08333875849148598
8519,-0.08260056260485626
8526,-0.08181911350255344
8533,-0.08099585728450265
8540,-0.08013225050766604
8547,-0.07922924922770225
8554,-0.07828838496326629
8561,-0.07731106376852992
8568,-0.07629862514574981
8575,-0.07525239331461719
8582,-0.07417367531756547
8589,-0.07306427771371116
8596,-0.07192547329094889
8603,-0.07075856778575051
8610,-0.06956495254488981
8617,-0.06834601926556161
8624,-0.06710315990881011
8631,-0.06583727424239783
8638,-0.06454974387400103
8645,-0.06324198595481256
8652,-0.06191528881330211
8659,-0.06057093202479003
8666,-0.05921018641144382
8673,-0.05783422957649176
8680,-0.05644429954142716
8687,-0.05504165017909912
8694,-0.05362749711988446
8701,-0.05220304545266696
8708,-0.05076948972483475
8715,-0.04932788718146863
8722,-0.04787936517813751
8729,-0.04642511037419528
8736,-0.04496624162981533
8743,-0.04350386427708663
8750,-0.04203907012002084
8757,-0.04057279775731093
8764,-0.03910603034890769
8771,-0.0376398582143791
8778,-0.03617527778909668
8785,-0.03471326828490362
8792,-0.03325479169011381
8799,-0.03180071740857571
8806,-0.03035190852373759
8813,-0.02890930502280398
8820,-0.02747377486295122
8827,-0.02604616651410474
8834,-0.02462730895894083
8841,-0.02321795620920142
8848,-0.0218188318364243
8855,-0.02043073614913293
8862,-0.01905439899332961
8869,-0.01769052880937405
8876,-0.01633981263197626
8883,-0.01500290740417842
8890,-0.01368044144496228
8897,-0.01237304156472163
8904,-0.0110813028095551
8911,-0.009805797783442038
8918,-0.008547076576827628
8925,-0.007305670067036196
8932,-0.006082091396171663
8939,-0.004876820469060128
8946,-0.003690319550550214
8953,-0.00252302851655628
8960,-0.001375364815966229
8967,-0.0002477312536424137
8974,0.0008594734097213674
8981,0.001945906587383028
8988,0.003011232523721041
8995,0.004055136699040673
9002,0.00507732577168607
9009,0.006077524251116628
9016,0.00705546541824198
9023,0.008010923624746091
9030,0.008943685131477253
9037,0.009853556338331515
9044,0.01074036367408038
9051,0.01160394950101118
9058,0.0124441511481086
9065,0.01326086304697771
9072,0.01405398291258386
9079,0.01482342665255398
9086,0.0155691281669581
9093,0.01629103817067001
9100,0.01698911344346854
9107,0.01766334446289708
9114,0.01831373198512942
9121,0.01894029323734348
9128,0.0195430616809027
9135,0.02012208614384026
9142,0.02067740862022927
9149,0.02120911703755723
9156,0.0217173020236876
9163,0.02220206834819294
9170,0.02266353462136994
9177,0.02310183299324819
9184,0.02351710506637605
9191,0.02390951021814747
9198,0.02427921860665538
9205,0.02462641251170705
9212,0.02495128609002428
9219,0.02525404506379303
9226,0.02553489153582866
9233,0.02579405614687147
9240,0.02603177474312801
9247,0.02624829188757172
9254,0.02644386148102029
9261,0.02661874640609341
9268,0.02677321817118816
9275,0.02690755655444299
9282,0.02702204924769713
9289,0.02711699150047231
9296,0.02719268576392242
9303,0.02724944133481344
9310,0.02728760427888588
9317,0.02730748880967138
9324,0.02730942001534409
9331,0.02729373512788058
9338,0.02726077691707651
9345,0.02721089335841231
9352,0.02714443730091531
9359,0.02706176613502986
9366,0.02696324146049101
9373,0.02684922875417772
9380,0.02672009703799549
9387,0.02657618879801671
9394,0.02641789252886539
9401,0.02624558630615947
9408,0.02605964707842112
9415,0.02586045338178611
9422,0.02564838499468891
9429,0.02542382259256115
9436,0.02518714740252648
9443,0.02493874085808301
9450,0.02467898425380088
9457,0.02440825840001715
9464,0.02412698956360515
9471,0.02383552913121267
9478,0.02353425706797818
9485,0.02322355254310171
9492,0.02290379286985367
9499,0.02257535317486159
9506,0.02223860606739869
9513,0.02189392130866796
9520,0.02154166548109337
9527,0.02118220165760665
9534,0.02081590070798978
9541,0.02044328656082861
9548,0.02006460154929446
9555,0.01968020468662335
9562,0.01929045111440875
9569,0.01889569182541173
9576,0.01849627338635251
9583,0.0180925376607286
9590,0.01768482153160189
9597,0.01727345662441859
9604,0.01685876902979633
9611,0.01644111227951583
9618,0.01602098138944363
9625,0.01559856204898491
9632,0.01517417230598639
9639,0.01474812493146782
9646,0.01432072721097022
9653,0.01389228073591653
9660,0.01346308119496431
9667,0.01303341816536197
9674,0.01260357490430764
9681,0.01217382814030099
9688,0.01174448714311627
9695,0.01131592674129145
9702,0.01088832146442975
9709,0.01046193253431049
9716,0.01003701483186425
9723,0.009613816739685532
9730,0.009192579984506288
9737,0.008773539479708603
9744,0.008356923167804453
9751,0.007942951862937697
9758,0.007531839093370074
9765,0.007123835820382673
9772,0.00671921314792101
9779,0.006318102894768529
9786,0.005920698464643159
9793,0.005527186210191104
9800,0.005137745317787434
9807,0.00475254769233846
9814,0.004371757842072554
9821,0.003995532763341636
9828,0.00362402182542354
9835,0.003257366655316396
9842,0.00289578146321734
9849,0.00253946458939236
9856,0.002188463780017358
9863,0.001842903445710142
9870,0.001502901110122856
9877,0.001168567353738048
9884,0.0008400057576665176
9891,0.000517312847452267
9898,0.0002005780368738996
9905,-0.0001101164282530931
9912,-0.0004146955262775975
9919,-0.0007129801285277182
9926,-0.00100486169049141
9933,-0.0012903517233811
9940,-0.001569387728598493
9947,-0.001841913094252412
9954,-0.002107877084892351
9961,-0.002367234831251785
9968,-0.002619947319968396
9975,-0.002865981383336269
9982,-0.003105309689024338
9989,-0.003337910729815263
9996,-0.003563688580504376
10003,-0.003782625297032993
10010,-0.003994746789849124
10017,-0.004200044432180583
10024,-0.004398514389825081
10031,-0.004590157570740772
10038,-0.004774979574636795
10045,-0.004952990642559385
10052,-0.005124205606494847
10059,-0.005288643838948559
10066,-0.005446329202544398
10073,-0.005597263919685957
10080,-0.005741484503373862
10087,-0.005879033749360829
10094,-0.006009950077314308
10101,-0.00613427587055515
10108,-0.006252057414465106
10115,-0.006363344834906748
10122,-0.00646819203661142
10129,-0.006566656641603608
10136,-0.006658799927590664
10143,-0.006744686766382735
10150,-0.006824348266249558
10157,-0.006897868891675429
10164,-0.006965327757594508
10171,-0.007026799851644228
10178,-0.007082363104292888
10185,-0.007132098313299196
10192,-0.00717608906818068
10199,-0.007214421674675009
10206,-0.007247185079217289
10213,-0.007274470793394272
10220,-0.0072963728184261
10227,-0.007312908486045266
10234,-0.007324215283337487
10241,-0.007330394884690783
10248,-0.007331543612016489
10255,-0.007327759253970001
10262,-0.007319140964311188
10269,-0.007305789160268361
10276,-0.007287805420905791
10283,-0.007265292385491229
10290,-0.007238353651853657
10297,-0.00720709367475969
10304,-0.007171589765606612
10311,-0.007131964917352462
10318,-0.007088323627413295
10325,-0.007040770576805855
10332,-0.006989410591423884
10339,-0.006934348532182
10346,-0.006875689185167566
10353,-0.006813537151788118
10360,-0.006747996738923234
10367,-0.006679171849066634
10374,-0.006607172033408659
10381,-0.006532171991008973
10388,-0.006454227381338384
10395,-0.006373445247210618
10402,-0.006289932250907349
10409,-0.006203794588310885
10416,-0.006115137903029755
10423,-0.006024067200513628
10430,-0.005930686762183335
10437,-0.0058351000595529
10444,-0.005737409668352456
10451,-0.005637729934817592
10458,-0.005536222799296553
10465,-0.005432945698005121
10472,-0.005328002670249354
10479,-0.005221497005213571
10486,-0.005113531180066744
10493,-0.005004206798044919
10500,-0.004893624526527418
10507,-0.004781884035139683
10514,-0.004669083933832141
10521,-0.004555321710969729
10528,-0.004440692204012997
10535,-0.004325286685259222
10542,-0.004209201706044219
10549,-0.004092529202615047
10556,-0.00397535963679907
10563,-0.003857781932275373
10570,-0.003739883410887934
10577,-0.003621749728917933
10584,-0.003503464813384483
10591,-0.003385110798332924
10598,-0.003266767961121353
10605,-0.003148513329242597
10612,-0.003030421318444887
10619,-0.002912567878825101
10626,-0.002795024923846867
10633,-0.002677862162801858
10640,-0.002561147035917699
10647,-0.002444944649447223
10654,-0.002329317710758616
10661,-0.002214326463437999
10668,-0.002100028622371575
10675,-0.001986479308856204
10682,-0.001873776736563748
10689,-0.001762007674591892
10696,-0.001651181898001397
10703,-0.001541351682177172
10710,-0.001432567169024956
10717,-0.001324876334394709
10724,-0.001218324955496008
10731,-0.00111295657831878
10738,-0.001008812485051358
10745,-0.0009059316615021018
10752,-0.0008043507645139059
10759,-0.0007041743734168548
10766,-0.0006054602853682312
10773,-0.0005082000330203229
10780,-0.0004124310008721821
10787,-0.0003181890716899005
10794,-0.0002255086345570589
10801,-0.0001344225929349463
10808,-4.496237270590342e-05
10815,4.284206976201688e-05
10822,0.0001289622395619361
10829,0.0002133710951977008
10836,0.0002960392395605638
10843,0.0003769423092796487
10850,0.0004560588865238913
10857,0.0005333671866125655
10864,0.0006088467927511942
10871,0.0006824786461123722
10878,0.0007542450359450115
10885,0.0008241295896542766
10892,0.0008921172629072771
10899,0.0009581943297281015
10906,0.001022348372584858
10913,0.001084620709706385
10920,0.001144991962341635
10927,0.001203443142336447
10934,0.001259972664994891
10941,0.001314580743407845
10948,0.001367269400513571
10955,0.001418042481135195
10962,0.001466905664021745
10969,0.001513866473902503
10976,0.001558934293523606
10983,0.001602120375688187
10990,0.001643403126839971
10997,0.001682810272506607
11004,0.001720361710964013
11011,0.001756072970470868
11018,0.001789961196600132
11025,0.001822045151583573
11032,0.001852345213647411
11039,0.001880883376375486
11046,0.001907683248033365
11053,0.001932770050923516
11060,0.001956170620725395
11067,0.00197777045525438
11074,0.001997672871546285
11081,0.002015908718289161
11088,0.002032499064918092
11095,0.002047465446920249
11102,0.002060829818921306
11109,0.002072614507776294
11116,0.002082842165672893
11123,0.002091535723209859
11130,0.002098718342504746
11137,0.002104413013158002
11144,0.002108609519098081
11151,0.00211135236483706
11158,0.002112662731184045
11165,0.002112561556308457
11172,0.002111069478796246
11179,0.002108206780662591
11186,0.002103993330412557
11193,0.002098448526060892
11200,0.002091591238175816
11207,0.002083439752917471
11214,0.002074025858237682
11221,0.002063503253289412
11228,0.002051799213960592
11235,0.002038940545650014
11242,0.002024954301806936
11249,0.00200986777367973
11256,0.00199370848007252
11263,0.001976504157078729
11270,0.001958282747831497
11277,0.001939072392250552
11284,0.001918901416785523
11291,0.001897820571024056
11298,0.001875951360450934
11305,0.001853253281327127
11312,0.001829762288312331
11319,0.001805514964191346
11326,0.001780548519874969
11333,0.001754900794397329
11340,0.001728610254912333
11347,0.001701715996703435
11354,0.001674257743176533
11361,0.001646275845859968
11368,0.001617761605877455
11375,0.001588646080497469
11382,0.001559065665992065
11389,0.00152905407735382
11396,0.001498645153647615
11403,0.001467872858005315
11410,0.001436771277639082
11417,0.001405374623830724
11424,0.001373717231933469
11431,0.001341833561376404
11438,0.001309758195657373
11445,0.001277446242419877
11452,0.001244833709776572
11459,0.001212053936258783
11466,0.00117913099859468
11473,0.001146088494453856
11480,0.001112949542453556
11487,0.001079736782156004
11494,0.00104647237406752
11501,0.001013177999634074
11508,0.000979874861255503
11515,0.0009465836822677431
11522,0.0009133037849791137
11529,0.0008800415351446489
11536,0.0008468336461202597
11543,0.0008136966193772466
11550,0.0007806463515844797
11557,0.0007476981346057343
11564,0.000714866655505908
11571,0.0006821659965501325
11578,0.0006496096351957803
11585,0.000617210444101346
11592,0.0005849806911211175
11599,0.0005529867292306534
11606,0.0005212524694595544
11613,0.000489757683933334
11620,0.0004585172159154993
11627,0.0004275455749036539
11634,0.0003968569366268326
11641,0.0003664651430428378
11648,0.0003363837023480087
11655,0.0003066257889683399
11662,0.0002772042435603694
11669,0.0002481315730165079
11676,0.0002194556086934085
11683,0.0001911861557299943
11690,0.0001633217041812074
11697,0.0001358761984198154
11704,0.000108863398756931
11711,8.22968814375713e-05
11718,5.619003864509864e-05
11725,3.055607849589137e-05
11732,5.408025043784903e-06
11739,-1.924128172170469e-05
11746,-4.337918587449252e-05
11753,-6.704975991578266e-05
11760,-9.022502313449365e-05
11767,-0.0001128806037380414
11774,-0.0001350084004219099
11781,-0.0001566007010858073
11788,-0.0001776501828487653
11795,-0.0001981499120367047
11802,-0.0002180933441966459
11809,-0.0002374743240824984
11816,-0.0002562870856621657
11823,-0.0002745262521184344
11830,-0.0002922660156956525
11837,-0.0003094661515374852
11844,-0.0003261144430908303
11851,-0.0003422117856759499
11858,-0.0003577597159196699
11865,-0.0003727604117438332
11872,-0.0003872166923759579
11879,-0.0004011320183412437
11886,-0.0004145104914670128
11893,-0.0004273568548791573
11900,-0.0004396764930083563
11907,-0.0004514553114534081
11914,-0.00046271072935955
11921,-0.0004734496653737708
11928,-0.0004836783810828749
11935,-0.0004934036213697368
11942,-0.0005026326080379562
11949,-0.0005113730334294075
11956,-0.0005196330540329086
11963,-0.0005274212841062109
11970,-0.0005347467892935498
11977,-0.000541617247352022
11984,-0.000547967383496939
11991,-0.0005538546218772922
11998,-0.0005592842023638411
12005,-0.0005642612376428602
12012,-0.0005687906839106915
12019,-0.0005728773115549757
12026,-0.0005765256758563098
12033,-0.0005797400876703662
12040,-0.0005825245841117876
12047,-0.0005848828992620625
12054,-0.0005868201768537418
12061,-0.0005883537139705908
12068,-0.00058947680600685
12075,-0.0005901929053493404
12082,-0.0005905051343342294
12089,-0.0005904162609287056
12096,-0.0005899286744153187
12103,-0.0005890443610763185
12110,-0.0005877648798771062
12117,-0.0005860913381523503
12124,-0.0005840243672885492
12131,-0.0005815852407566879
12138,-0.0005788548615228706
12145,-0.0005757754389366099
12152,-0.0005723537906145992
12159,-0.0005685969467528196
12166,-0.0005645121595199143
12173,-0.0005601069124638869
12180,-0.0005553889299036996
12187,-0.0005503661863333065
12194,-0.0005450469158212456
12201,-0.0005394396214031261
12208,-0.0005335704154507681
12215,-0.00052748235298683
12222,-0.0005211532788624851
12229,-0.0005145950464457982
12236,-0.0005078198474031126
12243,-0.0005008402116857269
12250,-0.0004936690075334482
12257,-0.0004863194414745919
12264,-0.0004788050583295345
12271,-0.0004711397412036078
12278,-0.0004633377114959814
12285,-0.000455376732126922
12292,-0.0004472304677767269
12299,-0.0004389566509557241
12306,-0.0004305659774335169
12313,-0.0004220692140659565
12320,-0.0004134771987986952
12327,-0.0004048008406654091
12334,-0.0003960511197877992
12341,-0.0003872390873791431
12348,-0.0003783758657371905
12355,-0.0003694726482530442
12362,-0.0003604915952060139
12369,-0.0003514164766418304
12376,-0.0003422969967452616
12383,-0.0003331394027830115
12390,-0.0003239497280871362
12397,-0.0003147337920577087
12404,-0.0003054972001637069
12411,-0.0002962453439439017
12418,-0.0002869834010024164
12425,-0.0002777163350105027
12432,-0.0002684488957083175
12439,-0.0002591811865730875
12446,-0.0002499167348846143
12453,-0.0002406619693857692
12460,-0.0002314203907936019
12467,-0.0002221952645626857
12474,-0.0002129896208975524
12481,-0.0002038062547438102
12488,-0.0001946477257890322
12495,-0.0001855163584680852
12502,-0.0001764142419560244
12509,-0.0001673432301698696
12516,-0.0001583458723457554
12523,-0.0001494195221090067
12530,-0.0001405515253463108
12537,-0.0001317458987823983
12544,-0.000123006591342012
12551,-0.0001143374841356959
12558,-0.0001057423904731181
12565,-9.722505585774144e-05
12572,-8.878915798415932e-05
12579,-8.043830674164809e-05
12586,-7.217604421239088e-05
12593,-6.402924820303468e-05
12600,-5.599408153322827e-05
12607,-4.806930784795327e-05
12614,-4.025974375387875e-05
12621,-3.257022102598484e-05
12628,-2.500558661466812e-05
12635,-1.757070264307714e-05
12642,-1.027044640533603e-05
12649,-3.109710366544505e-06
12656,3.906597832781245e-06
12663,1.077355538026126e-05
12670,1.756563567578695e-05
12677,2.423469199808181e-05
12684,3.076659712775154e-05
12691,3.715860318198594e-05
12698,4.340796227442212e-05
12705,4.951192652224989e-05
12712,5.546774803821819e-05
12719,6.127267893951682e-05
12726,6.69239713397829e-05
12733,7.241887735442987e-05
12740,7.775464909798302e-05
12747,8.292853868585581e-05
12754,8.793779823346171e-05
12761,9.277967985621416e-05
12768,9.745143566863845e-05
12775,0.0001020392885759946
12782,0.0001065373418569493
12789,0.0001108897351862481
12796,0.0001150958438467242
12803,0.0001191550431212107
12810,0.0001230667082925407
12817,0.000126830214641771
12824,0.0001304449374517347
12831,0.0001339102520043767
12838,0.0001372255335834183
12845,0.0001403901574699162
12852,0.0001434034989475919
12859,0.0001462649332966137
12866,0.0001489738358007031
12873,0.000151529581741805
12880,0.0001539533428100981
12887,0.000156276596100291
12894,0.0001584586694081125
12901,0.0001604997727842061
12908,0.0001624001162801036
12915,0.0001641599099464486
12922,0.0001657793638338845
12929,0.0001672586879930549
12936,0.0001685980924754915
12943,0.0001697977873318379
12950,0.000170857982614514
12957,0.0001717788883714988
12964,0.0001725607146569885
12971,0.0001732036715189622
12978,0.0001737079690098398
12985,0.0001740800394447461
12992,0.0001744245088897145
12999,0.0001746530249748801
13006,0.0001747671499776615
13013,0.00017476844616926
13020,0.0001746584758279823
13027,0.0001744388012268061
13034,0.0001741109846413735
13041,0.0001736765883455504
13048,0.0001731371746140908
13055,0.0001724943057235251
13062,0.000171749543947719
13069,0.0001709044515596503
13076,0.0001699605908376256
13083,0.0001689195240537344
13090,0.000167782813483619
13097,0.0001665788212372732
13104,0.0001652951719410822
13111,0.0001639274489688702
13118,0.0001624776180930709
13125,0.0001609476450932235
13132,0.0001593394957435379
13139,0.0001576551358200007
13146,0.0001558965311003746
13153,0.0001540656473597579
13160,0.0001521644503750252
13167,0.0001501949059203866
13174,0.0001481589797753813
13181,0.0001460586377133311
13188,0.0001438958455119987
13195,0.0001416725689447063
13202,0.0001394079919201374
13209,0.0001371072874016832
13216,0.0001347587266531391
13223,0.0001323646762774189
13230,0.0001299275028827651
13237,0.0001274495730720915
13244,0.0001249332534527525
13251,0.0001223809106321028
13258,0.0001197949112130559
13265,0.0001171776218047427
13272,0.0001145314090091887
13279,0.0001118586394337484
13286,0.0001091616796866646
13293,0.0001064428963708508
13300,0.0001037046560927735
13307,0.0001009431139156192
13314,9.814606413183213e-05
13321,9.533167850772628e-05
13328,9.25020223752071e-05
13335,8.96591610661801e-05
13342,8.680515991432713e-05
13349,8.394208424977734e-05
13356,8.107199940443621e-05
13363,7.819697070932108e-05
13370,7.531906349722561e-05
13377,7.244034310005532e-05
13384,6.956287484882751e-05
13391,6.668872407722404e-05
13398,6.381995611537405e-05
13405,6.095863629429488e-05
13412,5.810682994855654e-05
13419,5.52666024074e-05
13426,5.244001900450712e-05
13433,4.962914507089522e-05
13440,4.683604593669344e-05
13447,4.406278693735999e-05
13454,4.131143340124765e-05
13461,3.858405066115012e-05
13468,3.588270404986105e-05
13475,3.320945889928595e-05
13482,3.056638053955396e-05
13489,2.79408021741645e-05
13496,2.527242543060026e-05
13503,2.262928328722325e-05
13510,2.00129705802965e-05
13517,1.742508215052396e-05
13524,1.48672128341687e-05
13531,1.234095747193464e-05
13538,9.847910901861212e-06
13545,7.389667961987811e-06
13552,4.967823491242029e-06
13559,2.583972328551454e-06
13566,2.397093119554938e-07
13573,-2.063370719618263e-06
13580,-4.323672927242228e-06
13587,-6.539602473765171e-06
13594,-8.709564518483148e-06
13601,-1.083196422335675e-05
13608,-1.290520675123474e-05
13615,-1.492769726141319e-05
13622,-1.689784091674085e-05
13629,-1.881404287917832e-05
13636,-2.067470830802165e-05
13643,-2.247824236611962e-05
13650,-2.422305021365645e-05
13657,-2.590753701348092e-05
13664,-2.753010792666544e-05
13671,-2.910474477779701e-05
13678,-3.079163189845247e-05
13685,-3.24334519996583e-05
13692,-3.402940640118146e-05
13699,-3.557869641745981e-05
13706,-3.708052336737211e-05
13713,-3.853408856802076e-05
13720,-3.993859333650818e-05
13727,-4.129323898904858e-05
13734,-4.25972268454089e-05
13741,-4.384975822091519e-05
13748,-4.505003443178168e-05
13755,-4.619725679955167e-05
13762,-4.729062663777484e-05
13769,-4.832934526532995e-05
13776,-4.931261399931941e-05
13783,-5.023963415595745e-05
13790,-5.1109607055011e-05
13797,-5.192173401002975e-05
13804,-5.267521634166883e-05
13811,-5.336925536614245e-05
13818,-5.400305240055303e-05
13825,-5.457580876200296e-05
13832,-5.508672576848284e-05
13839,-5.553500473709505e-05
13846,-5.591984698494201e-05
13853,-5.624045382912612e-05
13860,-5.670041279426385e-05
13867,-5.711774068561937e-05
13874,-5.749236702357052e-05
13881,-5.78243451565541e-05
13888,-5.811372842501328e-05
13895,-5.836057017827301e-05
13902,-5.856492375855282e-05
13909,-5.872684251162497e-05
13916,-5.884637978059715e-05
13923,-5.892358891390614e-05
13930,-5.895852325377149e-05
13937,-5.895123614596542e-05
13944,-5.89017809362602e-05
13951,-5.881021096598715e-05
13958,-5.867657958358308e-05
13965,-5.850094013304385e-05
13972,-5.828334596014173e-05
13979,-5.802385040798441e-05
13986,-5.772250682056779e-05
13993,-5.737936854632864e-05
14000,-5.699448892748649e-05
14000,-5.699448892748649e-05
